"number","u_external_reference_number","priority","short_description","sys_class_name","u_state_calc","sys_created_on","u_resolved_at","contract"
"CHG449429","","5 - Planning","Digipoort Logius - Red Hat security patches CVE-2015-5364 en CVE-2015-5366","Change Request","Active","04-Feb-2016 13:10:14","","LIU00002 - Enterprise Hosting Digipoort"
"CHG454653","","5 - Planning","Digipoort VPN Assist [Agro Delta][OTP9001723] zie bijlage!","Change Request","Active","22-Feb-2016 13:15:32","","LIU00002 - Enterprise Hosting Digipoort"
"RITM1271534","325087","5 - Planning","Digipoort [non-std] gedeactiveerde vertaalregels verwijderen ivm opschoning","Requested Item","Active","10-Nov-2015 10:04:11","","LIU00002 - Enterprise Hosting Digipoort"
"CHG453383","","5 - Planning","Digipoort Logius kwetsbaarheid cve-2015-7547 (glibc DNS reply buffer overflow","Change Request","Assigned","17-Feb-2016 13:19:48","","LIU00002 - Enterprise Hosting Digipoort"
"INC4657632","334114","5 - Planning","Digipoort track & trace Rabobank / ING","Incident","Closed","15-Feb-2016 10:51:27","15-Feb-2016 13:11:22","LIU00002 - Enterprise Hosting Digipoort"
"INC4650847","344147","3 - Moderate","Digipoort RFI Security Informatie Cisco ASA Firewall","Incident","Closed","11-Feb-2016 14:11:15","11-Feb-2016 14:15:21","LIU00002 - Enterprise Hosting Digipoort"
"INC4652769","344230","5 - Planning","Digipoort RFI inzake bereikbaarheid mailservers Vopak Oil","Incident","Closed","12-Feb-2016 10:47:30","17-Feb-2016 09:53:30","LIU00002 - Enterprise Hosting Digipoort"
"INC4664880","345432","5 - Planning","Digipoort track & trace Crossroad Communications","Incident","Closed","17-Feb-2016 13:47:16","17-Feb-2016 14:06:03","LIU00002 - Enterprise Hosting Digipoort"
"INC4680299","326088","5 - Planning","Digipoort controle 1e productierun Bank Insinger de Beauford","Incident","Closed","22-Feb-2016 12:21:40","22-Feb-2016 12:39:09","LIU00002 - Enterprise Hosting Digipoort"
"INC4658991","339462","5 - Planning","Digipoort controle 1e productierun Crossroad Communications NV","Incident","Closed","15-Feb-2016 16:00:09","16-Feb-2016 13:17:45","LIU00002 - Enterprise Hosting Digipoort"
"INC4659061","3444925","5 - Planning","Digipoort track & trace Man Fund Management [OTP9001632]","Incident","Closed","15-Feb-2016 16:15:25","15-Feb-2016 16:58:03","LIU00002 - Enterprise Hosting Digipoort"
"INC4630065","342107","5 - Planning","Digipoort FTPS assist ONVZ zorgverzekeraar","Incident","Closed","03-Feb-2016 12:42:28","03-Feb-2016 13:22:14","LIU00002 - Enterprise Hosting Digipoort"
"INC4644616","343174","5 - Planning","Digipoort Track & Trace Heineken Nederland B.V.","Incident","Closed","09-Feb-2016 12:25:32","09-Feb-2016 12:37:36","LIU00002 - Enterprise Hosting Digipoort"
"INC4622772","340963","5 - Planning","Digipoort kennisgeving van groot onderhoud op 20-2 en 21-2  bij Dictu en LNV/NVWA","Incident","Closed","01-Feb-2016 10:49:10","01-Feb-2016 11:02:59","LIU00002 - Enterprise Hosting Digipoort"
"INC4665744","345405","5 - Planning","Digipoort  P1 - NCSC High/High - Kwetsbaarheid verholpen in glibc","Incident","Closed","17-Feb-2016 18:03:16","17-Feb-2016 18:09:04","LIU00002 - Enterprise Hosting Digipoort"
"INC4635801","336860","5 - Planning","Digipoort Controle 1e productierun Shipko BV","Incident","Closed","05-Feb-2016 09:22:21","05-Feb-2016 09:32:13","LIU00002 - Enterprise Hosting Digipoort"
"INC4644033","343211","5 - Planning","Digipoort FTPs assist Ziggo services / UPC Nederland","Incident","Closed","09-Feb-2016 10:02:09","09-Feb-2016 10:39:21","LIU00002 - Enterprise Hosting Digipoort"
"CHG398612","","5 - Planning","Digipoort Init scripts moeten met RedHat subsystem lock files werken.","Change Request","Closed","03-Aug-2015 13:44:03","02-Feb-2016 10:53:18","LIU00002 - Enterprise Hosting Digipoort"
"INC4644339","336854","5 - Planning","Digipoort Controle 1e productierun Geodis Logistics Netherlands","Incident","Closed","09-Feb-2016 11:08:58","09-Feb-2016 11:23:28","LIU00002 - Enterprise Hosting Digipoort"
"RITM1225707","318487 ","5 - Planning","Digipoort SMTP mutatie gateway Centric Software Engineering BV","Requested Item","Closed Complete","25-Sep-2015 09:46:59","10-Feb-2016 10:53:33","LIU00002 - Enterprise Hosting Digipoort"
"RITM1353356","","5 - Planning","Digipoort FTPS mutatie certificaat Optimix Vermogensbeheer NV","Requested Item","Closed Complete","10-Feb-2016 11:53:45","10-Feb-2016 12:57:56","LIU00002 - Enterprise Hosting Digipoort"
"RITM1353855","343959","5 - Planning","Digipoort FTPs mutatie certificaat OSWO","Requested Item","Closed Complete","10-Feb-2016 16:19:34","16-Feb-2016 08:35:09","LIU00002 - Enterprise Hosting Digipoort"
"RITM1350348","342391","5 - Planning","Digipoort SMTP mutatie gateway en mailhost DMN Machinefabriek Noordwijkerhout ","Requested Item","Closed Complete","08-Feb-2016 10:32:19","09-Feb-2016 16:21:03","LIU00002 - Enterprise Hosting Digipoort"
"RITM1362105","345236","5 - Planning","Digipoort FTPS mutatie certificaat Confidon Breda B.V.","Requested Item","Closed Complete","18-Feb-2016 12:23:57","18-Feb-2016 12:51:35","LIU00002 - Enterprise Hosting Digipoort"
"RITM1274580","324607","5 - Planning","Digipoort SMTP mutatie gateway en mailhost NeeleVat Warehousing","Requested Item","Closed Complete","12-Nov-2015 13:06:21","17-Feb-2016 14:17:35","LIU00002 - Enterprise Hosting Digipoort"
"RITM1346726","341819","5 - Planning","Digipoort POP3 aansluiting nieuw IJM-77 Visser","Requested Item","Closed Complete","03-Feb-2016 11:51:59","03-Feb-2016 12:39:28","LIU00002 - Enterprise Hosting Digipoort"
"RITM1330074","","5 - Planning","Digipoort SMTP mutatie mailhost Gouda Refractories BV","Requested Item","Closed Complete","15-Jan-2016 08:42:21","18-Feb-2016 16:38:03","LIU00002 - Enterprise Hosting Digipoort"
"RITM1334835","338976","5 - Planning","Digipoort SMTP aansluiting mutatie mailhost Climax Molybdenum B.V.","Requested Item","Closed Complete","20-Jan-2016 16:31:36","10-Feb-2016 07:58:23","LIU00002 - Enterprise Hosting Digipoort"
"RITM1345491","","5 - Planning","Digipoort FTPs mutatie certificaat Brand New Day Vermogensopbouw NV","Requested Item","Closed Complete","02-Feb-2016 13:28:22","02-Feb-2016 14:43:07","LIU00002 - Enterprise Hosting Digipoort"
"RITM1349764","342889","5 - Planning","Digipoort FTPS mutatie certificaat Ziggo Services BV","Requested Item","Closed Complete","05-Feb-2016 16:17:17","05-Feb-2016 16:31:59","LIU00002 - Enterprise Hosting Digipoort"
"RITM1330478","336854","5 - Planning","Digipoort SMTP mutatie mailhost Geodis Logistics Netherlands B.V.","Requested Item","Closed Complete","15-Jan-2016 11:25:25","05-Feb-2016 14:46:15","LIU00002 - Enterprise Hosting Digipoort"
"RITM1335849","","5 - Planning","Digipoort SMTP mutatie gateway Pr�st Holding B.V.","Requested Item","Closed Complete","21-Jan-2016 14:30:21","02-Feb-2016 08:27:34","LIU00002 - Enterprise Hosting Digipoort"
"RITM1343489","340849","5 - Planning","Digipoort SMTP vertaalregel nieuw Seeburger AG","Requested Item","Closed Complete","01-Feb-2016 07:28:56","01-Feb-2016 07:43:46","LIU00002 - Enterprise Hosting Digipoort"
"RITM1353136","343211","5 - Planning","Digipoort FTPS mutatie certificaten Ziggo & UPC","Requested Item","Closed Complete","10-Feb-2016 10:02:16","10-Feb-2016 10:06:41","LIU00002 - Enterprise Hosting Digipoort"
"RITM1346658","341611","5 - Planning","Digipoort SMTP mutatie gateway en mailhost VLS-Group","Requested Item","Closed Complete","03-Feb-2016 11:25:18","17-Feb-2016 16:27:53","LIU00002 - Enterprise Hosting Digipoort"
"RITM1321182","335307 ","5 - Planning","Digipoort SMTP mutatie gateway en mailhost Harthoorn Coldstore BV","Requested Item","Closed Complete","06-Jan-2016 12:01:03","18-Feb-2016 09:08:59","LIU00002 - Enterprise Hosting Digipoort"
"RITM1363696","346155","5 - Planning","Digipoort POP3 aansluiting nieuw UK 262 - VOF Kaptein","Requested Item","Closed Complete","19-Feb-2016 15:34:16","19-Feb-2016 15:40:58","LIU00002 - Enterprise Hosting Digipoort"
"INC4471560","327951","5 - Planning","Digipoort Beveiligingsadvies [H/H] NCSC-2015-0735 [1.0] zie Description.","Incident","Follow Up","25-Nov-2015 09:37:32","","LIU00002 - Enterprise Hosting Digipoort"
"INC4189744","306818","5 - Planning","Digipoort RFI inzake stavaza KPN Schoon","Incident","Follow Up","07-Jul-2015 15:59:40","","LIU00002 - Enterprise Hosting Digipoort"
"RITM1309218","","5 - Planning","Digipoort SMTP aansluiting verwijderen meerdere klanten zie bijlage","Requested Item","New","18-Dec-2015 10:49:55","","LIU00002 - Enterprise Hosting Digipoort"
"RITM1316895","","5 - Planning","Digipoort SMTP mutatie gateway en mailhost Euro-Rijn International B.V.","Requested Item","Pending Customer","31-Dec-2015 16:11:31","","LIU00002 - Enterprise Hosting Digipoort"
"RITM1358915","","5 - Planning","Digipoort SMTP mutatie gateway en mailhost Quaker Chemical B.V.","Requested Item","Pending Customer","16-Feb-2016 09:28:21","","LIU00002 - Enterprise Hosting Digipoort"
"RITM1231409","","5 - Planning","Digipoort SMTP mutatie gateway Wood Product Logistics BV  ","Requested Item","Pending Customer","01-Oct-2015 13:34:39","","LIU00002 - Enterprise Hosting Digipoort"
"INC3823098","271794","5 - Planning","Digipoort RFI overzicht configuratie-items","Incident","Pending Customer","22-Dec-2014 08:13:10","","LIU00002 - Enterprise Hosting Digipoort"
"RITM1290025","328277","5 - Planning","Digipoort SMTP aansluiting nieuw Federal Express Europe Inc. II","Requested Item","Pending Customer","27-Nov-2015 16:27:14","","LIU00002 - Enterprise Hosting Digipoort"
"RITM1348324","342386","5 - Planning","Digipoort SMTP aansluiting nieuw Smilde Foods B.V.","Requested Item","Pending Customer","04-Feb-2016 13:45:35","","LIU00002 - Enterprise Hosting Digipoort"
"INC4690158","346963","5 - Planning","Digipoort FTPs track & trace HSBC Bank PLC","Incident","Resolved","25-Feb-2016 12:46:03","25-Feb-2016 13:59:48","LIU00002 - Enterprise Hosting Digipoort"
"RITM1369436","347236","5 - Planning","Digipoort SMTP mutatie vertaalregel en naam Nokia Solutions and Networks Oy","Requested Item","Resolved","26-Feb-2016 12:53:25","26-Feb-2016 13:15:00","LIU00002 - Enterprise Hosting Digipoort"
"INC4686971","347236","5 - Planning","Digipoort non-delivery Nokia Siemens Networks OY","Incident","Resolved","24-Feb-2016 11:54:07","24-Feb-2016 16:40:39","LIU00002 - Enterprise Hosting Digipoort"
"RITM1366288","346436","5 - Planning","Digipoort SMTP 2e mutatie gateway Jorden Logistics B.V.","Requested Item","Resolved","23-Feb-2016 11:48:11","25-Feb-2016 11:01:28","LIU00002 - Enterprise Hosting Digipoort"
"CHG434053","","4 - Low","Digipoort aanpassen bestemming [Rapportage CertExpirationReport]","Change Request","Resolved","10-Dec-2015 11:48:12","23-Feb-2016 12:50:28","LIU00002 - Enterprise Hosting Digipoort"
"RITM1354939","","5 - Planning","Digipoort SMTP mutatie mailhost NeKo Ship Supply B.V.","Requested Item","Resolved","11-Feb-2016 15:54:00","25-Feb-2016 14:41:10","LIU00002 - Enterprise Hosting Digipoort"
"RITM1368824","","5 - Planning","Digipoort FTPS mutatie certificaat Heineken","Requested Item","Resolved","25-Feb-2016 16:11:43","25-Feb-2016 16:16:11","LIU00002 - Enterprise Hosting Digipoort"
"INC4683092","346612","5 - Planning","Digipoort beheer Logius accounts Verisign portal","Incident","Resolved","23-Feb-2016 08:07:37","23-Feb-2016 08:13:52","LIU00002 - Enterprise Hosting Digipoort"
"INC4689501","347468","5 - Planning","Digipoort RFI FTPs accounts CIOT ","Incident","Resolved","25-Feb-2016 10:35:13","25-Feb-2016 10:39:11","LIU00002 - Enterprise Hosting Digipoort"
"RITM1365981","346483","5 - Planning","Digipoort FTPS mutatie preproductie certificaat Rabobank","Requested Item","Resolved","23-Feb-2016 09:38:00","23-Feb-2016 10:39:50","LIU00002 - Enterprise Hosting Digipoort"
"RITM1305929","","5 - Planning","Digipoort SMTP mutatie gateway Wavin Overseas B.V","Requested Item","Resolved","15-Dec-2015 12:18:38","24-Feb-2016 15:53:17","LIU00002 - Enterprise Hosting Digipoort"
"RITM1355191","","5 - Planning","Digipoort SMTP mutatie mailhost Abbott Healthcare Products B.V.","Requested Item","Resolved","12-Feb-2016 08:37:54","25-Feb-2016 12:54:33","LIU00002 - Enterprise Hosting Digipoort"
"INC4680291","346460","5 - Planning","Digipoort RFI rondom DSN tbv Migratie Digipoort OTP ","Incident","Resolved","22-Feb-2016 12:23:40","23-Feb-2016 12:59:35","LIU00002 - Enterprise Hosting Digipoort"
"RITM1363166","345700","5 - Planning","Digipoort SMTP mutatie gateway Jorden Logistics B.V.","Requested Item","Resolved","19-Feb-2016 11:21:47","24-Feb-2016 08:42:49","LIU00002 - Enterprise Hosting Digipoort"
"RITM1365165","","5 - Planning","Digipoort FTPs mutatie certificaat  KNAB","Requested Item","Resolved","22-Feb-2016 12:58:35","22-Feb-2016 13:04:48","LIU00002 - Enterprise Hosting Digipoort"
"RITM1368738","","5 - Planning","Digipoort FTPS mutatie certificaat G&P Accountants","Requested Item","Resolved","25-Feb-2016 15:15:33","25-Feb-2016 15:19:19","LIU00002 - Enterprise Hosting Digipoort"

