mr2ey6_svc.pcm.nl;/dbinterface/ADN/scripts/START_cal.scr           ;  ;2>&1
mr2ey6_svc.pcm.nl;/dbinterface/ADN/scripts/START_eindedag.scr      ;  ;2>&1
mr2ey6_svc.pcm.nl;/dbinterface/ADN/scripts/START_eindedag.scr      ;;DR 2>&1
mr2ey6_svc.pcm.nl;/dbinterface/ADN/scripts/START_klacht.scr        ;  ;2>&1
mr2ey6_svc.pcm.nl;/dbinterface/FD/scripts/START_controle.scr       ;  ;2>&1
mr2ey6_svc.pcm.nl;/dbinterface/FD/scripts/START_eindedag.scr       ;  ;2>&1
mr2ey6_svc.pcm.nl;/dbinterface/FD/scripts/START_eindedag.scr       ;;DR 2>&1
mr2ey6_svc.pcm.nl;/dbinterface/FD/scripts/START_klacht.scr         ;  ;2>&1
mr2ey6_svc.pcm.nl;/dbinterface/ND/scripts/START_controle.scr       ;  ;2>&1
mr2ey6_svc.pcm.nl;/dbinterface/ND/scripts/START_controle_lvk.scr   ;  ;2>&1
mr2ey6_svc.pcm.nl;/dbinterface/ND/scripts/START_doorstuur.scr      ;  ;2>&1
mr2ey6_svc.pcm.nl;/dbinterface/ND/scripts/START_eindedag.scr       ;  ;2>&1
mr2ey6_svc.pcm.nl;/dbinterface/ND/scripts/START_eindedag.scr       ;;DR 2>&1
mr2ey6_svc.pcm.nl;/dbinterface/ND/scripts/START_eindedag_lvk.scr   ;  ;2>&1
mr2ey6_svc.pcm.nl;/dbinterface/ND/scripts/START_eindedag_lvk.scr   ;;DR 2>&1
mr2ey6_svc.pcm.nl;/dbinterface/ND/scripts/START_klacht.scr         ;  ;2>&1
mr2ey6_svc.pcm.nl;/dbinterface/PAR/scripts/START_controle.scr      ;  ;2>&1
mr2ey6_svc.pcm.nl;/dbinterface/PAR/scripts/START_controle_lvk.scr  ;  ;2>&1
mr2ey6_svc.pcm.nl;/dbinterface/PAR/scripts/START_doorstuur.scr     ;  ;2>&1 
mr2ey6_svc.pcm.nl;/dbinterface/PAR/scripts/START_eindedag.scr      ;  ;2>&1
mr2ey6_svc.pcm.nl;/dbinterface/PAR/scripts/START_eindedag.scr      ;;DR 2>&1
mr2ey6_svc.pcm.nl;/dbinterface/PAR/scripts/START_eindedag_lvk.scr  ;  ;2>&1
mr2ey6_svc.pcm.nl;/dbinterface/PAR/scripts/START_eindedag_lvk.scr  ;;DR 2>&1
mr2ey6_svc.pcm.nl;/dbinterface/PCM/scripts/START_controle_lvk.scr  ;  ;2>&1
mr2ey6_svc.pcm.nl;/dbinterface/PCM/scripts/START_controle_lvk.scr  ;;DR 2>&1
mr2ey6_svc.pcm.nl;/dbinterface/PCM/scripts/START_eindedag.scr      ;  ;2>&1
mr2ey6_svc.pcm.nl;/dbinterface/PCM/scripts/START_eindedag.scr      ;;DR 2>&1
mr2ey6_svc.pcm.nl;/dbinterface/PCM/scripts/START_eindedag_lvk.scr  ;  ;2>&1
mr2ey6_svc.pcm.nl;/dbinterface/PCM/scripts/START_eindedag_lvk.scr  ;;DR 2>&1
mr2ey6_svc.pcm.nl;/dbinterface/PCM/scripts/START_lf.scr            ;  ;2>&1
mr2ey6_svc.pcm.nl;/dbinterface/PZC/scripts/START_pzclvk.scr        ;  ;2>&1 
mr2ey6_svc.pcm.nl;/dbinterface/PZC/scripts/START_pzclvk.scr        ;;DR 2>&1
mr2ey6_svc.pcm.nl;/dbinterface/RFD/scripts/START_controle.scr      ;  ;2>&1
mr2ey6_svc.pcm.nl;/dbinterface/RFD/scripts/START_eindedag.scr      ;  ;2>&1
mr2ey6_svc.pcm.nl;/dbinterface/RFD/scripts/START_eindedag.scr      ;;DR 2>&1
mr2ey6_svc.pcm.nl;/dbinterface/RFD/scripts/START_rfdliar.scr       ;  ;2>&1
mr2ey6_svc.pcm.nl;/dbinterface/scripts/START_lf_derden.scr         ;  ;2>&1
mr2ey6_svc.pcm.nl;/dbinterface/SW/scripts/START_doorstuur.scr      ;  ;2>&1
mr2ey6_svc.pcm.nl;/dbinterface/SW/scripts/START_eindedag.scr       ;  ;2>&1
mr2ey6_svc.pcm.nl;/dbinterface/TEL/scripts/START_cal.scr           ;  ;2>&1
mr2ey6_svc.pcm.nl;/dbinterface/TEL/scripts/START_doorstuur.scr     ;  ;2>&1
mr2ey6_svc.pcm.nl;/dbinterface/ZM/scripts/START_controle.scr       ;  ;2>&1 
mr2ey6_svc.pcm.nl;/dbinterface/ZM/scripts/START_eindedag.scr       ;  ;2>&1
mr2ey6_svc.pcm.nl;/dbinterface/ZM/scripts/START_eindedag.scr       ;;DR 2>&1
mr2ey6_svc.pcm.nl;/dbinterface/ZM/scripts/START_klacht.scr         ;  ;2>&1
