<?xml version="1.0" encoding="UTF-8"?><?xml-stylesheet type='text/xsl' href='_UpgradeReport_Files/UpgradeReport.xslt'?><UpgradeLog>
<Properties><Property Name="Solution" Value="dbDashboard">
</Property><Property Name="Solution File" Value="C:\harpe\C#Solutions\dbDashboard_Digipoort\dbDashboard\dbDashboard.sln">
</Property><Property Name="User Options File" Value="C:\harpe\C#Solutions\dbDashboard_Digipoort\dbDashboard\dbDashboard.suo">
</Property><Property Name="Date" Value="donderdag 22 mei 2014">
</Property><Property Name="Time" Value="12:47">
</Property></Properties><Event ErrorLevel="0" Project="" Source="dbDashboard.sln" Description="File successfully backed up as C:\harpe\C#Solutions\dbDashboard_Digipoort\dbDashboard\Backup\dbDashboard.sln">
</Event><Event ErrorLevel="0" Project="" Source="dbDashboard.suo" Description="File successfully backed up as C:\harpe\C#Solutions\dbDashboard_Digipoort\dbDashboard\Backup\dbDashboard.suo">
</Event><Event ErrorLevel="0" Project="dbDashboard" Source="dbDashboard\dbDashboard.csproj" Description="Project file successfully backed up as C:\harpe\C#Solutions\dbDashboard_Digipoort\dbDashboard\Backup\dbDashboard\dbDashboard.csproj">
</Event><Event ErrorLevel="0" Project="dbDashboard" Source="dbDashboard\dbDashboard.csproj.user" Description="Project user file successfully backed up as C:\harpe\C#Solutions\dbDashboard_Digipoort\dbDashboard\Backup\dbDashboard\dbDashboard.csproj.user">
</Event><Event ErrorLevel="0" Project="dbDashboard" Source="dbDashboard\AboutBox1.cs" Description="File successfully backed up as C:\harpe\C#Solutions\dbDashboard_Digipoort\dbDashboard\Backup\dbDashboard\AboutBox1.cs">
</Event><Event ErrorLevel="0" Project="dbDashboard" Source="dbDashboard\AboutBox1.designer.cs" Description="File successfully backed up as C:\harpe\C#Solutions\dbDashboard_Digipoort\dbDashboard\Backup\dbDashboard\AboutBox1.designer.cs">
</Event><Event ErrorLevel="0" Project="dbDashboard" Source="dbDashboard\cbMaint.cs" Description="File successfully backed up as C:\harpe\C#Solutions\dbDashboard_Digipoort\dbDashboard\Backup\dbDashboard\cbMaint.cs">
</Event><Event ErrorLevel="0" Project="dbDashboard" Source="dbDashboard\cbMaint.designer.cs" Description="File successfully backed up as C:\harpe\C#Solutions\dbDashboard_Digipoort\dbDashboard\Backup\dbDashboard\cbMaint.designer.cs">
</Event><Event ErrorLevel="0" Project="dbDashboard" Source="dbDashboard\clDashFunction.cs" Description="File successfully backed up as C:\harpe\C#Solutions\dbDashboard_Digipoort\dbDashboard\Backup\dbDashboard\clDashFunction.cs">
</Event><Event ErrorLevel="0" Project="dbDashboard" Source="dbDashboard\frmDashBase.cs" Description="File successfully backed up as C:\harpe\C#Solutions\dbDashboard_Digipoort\dbDashboard\Backup\dbDashboard\frmDashBase.cs">
</Event><Event ErrorLevel="0" Project="dbDashboard" Source="dbDashboard\frmDashBase.Designer.cs" Description="File successfully backed up as C:\harpe\C#Solutions\dbDashboard_Digipoort\dbDashboard\Backup\dbDashboard\frmDashBase.Designer.cs">
</Event><Event ErrorLevel="0" Project="dbDashboard" Source="dbDashboard\frmDashEnvir.cs" Description="File successfully backed up as C:\harpe\C#Solutions\dbDashboard_Digipoort\dbDashboard\Backup\dbDashboard\frmDashEnvir.cs">
</Event><Event ErrorLevel="0" Project="dbDashboard" Source="dbDashboard\frmDashEnvir.Designer.cs" Description="File successfully backed up as C:\harpe\C#Solutions\dbDashboard_Digipoort\dbDashboard\Backup\dbDashboard\frmDashEnvir.Designer.cs">
</Event><Event ErrorLevel="0" Project="dbDashboard" Source="dbDashboard\frmDashIni.cs" Description="File successfully backed up as C:\harpe\C#Solutions\dbDashboard_Digipoort\dbDashboard\Backup\dbDashboard\frmDashIni.cs">
</Event><Event ErrorLevel="0" Project="dbDashboard" Source="dbDashboard\frmDashIni.Designer.cs" Description="File successfully backed up as C:\harpe\C#Solutions\dbDashboard_Digipoort\dbDashboard\Backup\dbDashboard\frmDashIni.Designer.cs">
</Event><Event ErrorLevel="0" Project="dbDashboard" Source="dbDashboard\frmDashQueue.cs" Description="File successfully backed up as C:\harpe\C#Solutions\dbDashboard_Digipoort\dbDashboard\Backup\dbDashboard\frmDashQueue.cs">
</Event><Event ErrorLevel="0" Project="dbDashboard" Source="dbDashboard\frmDashQueue.Designer.cs" Description="File successfully backed up as C:\harpe\C#Solutions\dbDashboard_Digipoort\dbDashboard\Backup\dbDashboard\frmDashQueue.Designer.cs">
</Event><Event ErrorLevel="0" Project="dbDashboard" Source="dbDashboard\frmDashQueueRec.cs" Description="File successfully backed up as C:\harpe\C#Solutions\dbDashboard_Digipoort\dbDashboard\Backup\dbDashboard\frmDashQueueRec.cs">
</Event><Event ErrorLevel="0" Project="dbDashboard" Source="dbDashboard\frmDashQueueRec.Designer.cs" Description="File successfully backed up as C:\harpe\C#Solutions\dbDashboard_Digipoort\dbDashboard\Backup\dbDashboard\frmDashQueueRec.Designer.cs">
</Event><Event ErrorLevel="0" Project="dbDashboard" Source="dbDashboard\frmDashQueueView.cs" Description="File successfully backed up as C:\harpe\C#Solutions\dbDashboard_Digipoort\dbDashboard\Backup\dbDashboard\frmDashQueueView.cs">
</Event><Event ErrorLevel="0" Project="dbDashboard" Source="dbDashboard\frmDashQueueView.Designer.cs" Description="File successfully backed up as C:\harpe\C#Solutions\dbDashboard_Digipoort\dbDashboard\Backup\dbDashboard\frmDashQueueView.Designer.cs">
</Event><Event ErrorLevel="0" Project="dbDashboard" Source="dbDashboard\frmDashSettings.cs" Description="File successfully backed up as C:\harpe\C#Solutions\dbDashboard_Digipoort\dbDashboard\Backup\dbDashboard\frmDashSettings.cs">
</Event><Event ErrorLevel="0" Project="dbDashboard" Source="dbDashboard\frmDashSettings.Designer.cs" Description="File successfully backed up as C:\harpe\C#Solutions\dbDashboard_Digipoort\dbDashboard\Backup\dbDashboard\frmDashSettings.Designer.cs">
</Event><Event ErrorLevel="0" Project="dbDashboard" Source="dbDashboard\frmDashRelFunc.cs" Description="File successfully backed up as C:\harpe\C#Solutions\dbDashboard_Digipoort\dbDashboard\Backup\dbDashboard\frmDashRelFunc.cs">
</Event><Event ErrorLevel="0" Project="dbDashboard" Source="dbDashboard\frmDashRelFunc.Designer.cs" Description="File successfully backed up as C:\harpe\C#Solutions\dbDashboard_Digipoort\dbDashboard\Backup\dbDashboard\frmDashRelFunc.Designer.cs">
</Event><Event ErrorLevel="0" Project="dbDashboard" Source="dbDashboard\frmDashRelMenu.cs" Description="File successfully backed up as C:\harpe\C#Solutions\dbDashboard_Digipoort\dbDashboard\Backup\dbDashboard\frmDashRelMenu.cs">
</Event><Event ErrorLevel="0" Project="dbDashboard" Source="dbDashboard\frmDashRelMenu.Designer.cs" Description="File successfully backed up as C:\harpe\C#Solutions\dbDashboard_Digipoort\dbDashboard\Backup\dbDashboard\frmDashRelMenu.Designer.cs">
</Event><Event ErrorLevel="0" Project="dbDashboard" Source="dbDashboard\DoSql.cs" Description="File successfully backed up as C:\harpe\C#Solutions\dbDashboard_Digipoort\dbDashboard\Backup\dbDashboard\DoSql.cs">
</Event><Event ErrorLevel="0" Project="dbDashboard" Source="dbDashboard\frmDashlogin.cs" Description="File successfully backed up as C:\harpe\C#Solutions\dbDashboard_Digipoort\dbDashboard\Backup\dbDashboard\frmDashlogin.cs">
</Event><Event ErrorLevel="0" Project="dbDashboard" Source="dbDashboard\frmDashlogin.designer.cs" Description="File successfully backed up as C:\harpe\C#Solutions\dbDashboard_Digipoort\dbDashboard\Backup\dbDashboard\frmDashlogin.designer.cs">
</Event><Event ErrorLevel="0" Project="dbDashboard" Source="dbDashboard\frmDashMaintD.cs" Description="File successfully backed up as C:\harpe\C#Solutions\dbDashboard_Digipoort\dbDashboard\Backup\dbDashboard\frmDashMaintD.cs">
</Event><Event ErrorLevel="0" Project="dbDashboard" Source="dbDashboard\frmDashMaintD.designer.cs" Description="File successfully backed up as C:\harpe\C#Solutions\dbDashboard_Digipoort\dbDashboard\Backup\dbDashboard\frmDashMaintD.designer.cs">
</Event><Event ErrorLevel="0" Project="dbDashboard" Source="dbDashboard\frmDashMaintT.cs" Description="File successfully backed up as C:\harpe\C#Solutions\dbDashboard_Digipoort\dbDashboard\Backup\dbDashboard\frmDashMaintT.cs">
</Event><Event ErrorLevel="0" Project="dbDashboard" Source="dbDashboard\frmDashMaintT.designer.cs" Description="File successfully backed up as C:\harpe\C#Solutions\dbDashboard_Digipoort\dbDashboard\Backup\dbDashboard\frmDashMaintT.designer.cs">
</Event><Event ErrorLevel="0" Project="dbDashboard" Source="dbDashboard\frmDashmenu.cs" Description="File successfully backed up as C:\harpe\C#Solutions\dbDashboard_Digipoort\dbDashboard\Backup\dbDashboard\frmDashmenu.cs">
</Event><Event ErrorLevel="0" Project="dbDashboard" Source="dbDashboard\frmDashmenu.designer.cs" Description="File successfully backed up as C:\harpe\C#Solutions\dbDashboard_Digipoort\dbDashboard\Backup\dbDashboard\frmDashmenu.designer.cs">
</Event><Event ErrorLevel="0" Project="dbDashboard" Source="dbDashboard\mdiDashboard.cs" Description="File successfully backed up as C:\harpe\C#Solutions\dbDashboard_Digipoort\dbDashboard\Backup\dbDashboard\mdiDashboard.cs">
</Event><Event ErrorLevel="0" Project="dbDashboard" Source="dbDashboard\mdiDashboard.designer.cs" Description="File successfully backed up as C:\harpe\C#Solutions\dbDashboard_Digipoort\dbDashboard\Backup\dbDashboard\mdiDashboard.designer.cs">
</Event><Event ErrorLevel="0" Project="dbDashboard" Source="dbDashboard\Program.cs" Description="File successfully backed up as C:\harpe\C#Solutions\dbDashboard_Digipoort\dbDashboard\Backup\dbDashboard\Program.cs">
</Event><Event ErrorLevel="0" Project="dbDashboard" Source="dbDashboard\Properties\AssemblyInfo.cs" Description="File successfully backed up as C:\harpe\C#Solutions\dbDashboard_Digipoort\dbDashboard\Backup\dbDashboard\Properties\AssemblyInfo.cs">
</Event><Event ErrorLevel="0" Project="dbDashboard" Source="dbDashboard\Properties\Resources.Designer.cs" Description="File successfully backed up as C:\harpe\C#Solutions\dbDashboard_Digipoort\dbDashboard\Backup\dbDashboard\Properties\Resources.Designer.cs">
</Event><Event ErrorLevel="0" Project="dbDashboard" Source="dbDashboard\Properties\Settings.Designer.cs" Description="File successfully backed up as C:\harpe\C#Solutions\dbDashboard_Digipoort\dbDashboard\Backup\dbDashboard\Properties\Settings.Designer.cs">
</Event><Event ErrorLevel="0" Project="dbDashboard" Source="dbDashboard\Properties\Settings.settings" Description="File successfully backed up as C:\harpe\C#Solutions\dbDashboard_Digipoort\dbDashboard\Backup\dbDashboard\Properties\Settings.settings">
</Event><Event ErrorLevel="0" Project="dbDashboard" Source="dbDashboard\Dashboard.ico" Description="File successfully backed up as C:\harpe\C#Solutions\dbDashboard_Digipoort\dbDashboard\Backup\dbDashboard\Dashboard.ico">
</Event><Event ErrorLevel="0" Project="dbDashboard" Source="dbDashboard\AboutBox1.resx" Description="File successfully backed up as C:\harpe\C#Solutions\dbDashboard_Digipoort\dbDashboard\Backup\dbDashboard\AboutBox1.resx">
</Event><Event ErrorLevel="0" Project="dbDashboard" Source="dbDashboard\frmDashBase.resx" Description="File successfully backed up as C:\harpe\C#Solutions\dbDashboard_Digipoort\dbDashboard\Backup\dbDashboard\frmDashBase.resx">
</Event><Event ErrorLevel="0" Project="dbDashboard" Source="dbDashboard\frmDashEnvir.resx" Description="File successfully backed up as C:\harpe\C#Solutions\dbDashboard_Digipoort\dbDashboard\Backup\dbDashboard\frmDashEnvir.resx">
</Event><Event ErrorLevel="0" Project="dbDashboard" Source="dbDashboard\frmDashIni.resx" Description="File successfully backed up as C:\harpe\C#Solutions\dbDashboard_Digipoort\dbDashboard\Backup\dbDashboard\frmDashIni.resx">
</Event><Event ErrorLevel="0" Project="dbDashboard" Source="dbDashboard\frmDashQueue.resx" Description="File successfully backed up as C:\harpe\C#Solutions\dbDashboard_Digipoort\dbDashboard\Backup\dbDashboard\frmDashQueue.resx">
</Event><Event ErrorLevel="0" Project="dbDashboard" Source="dbDashboard\frmDashQueueRec.resx" Description="File successfully backed up as C:\harpe\C#Solutions\dbDashboard_Digipoort\dbDashboard\Backup\dbDashboard\frmDashQueueRec.resx">
</Event><Event ErrorLevel="0" Project="dbDashboard" Source="dbDashboard\frmDashQueueView.resx" Description="File successfully backed up as C:\harpe\C#Solutions\dbDashboard_Digipoort\dbDashboard\Backup\dbDashboard\frmDashQueueView.resx">
</Event><Event ErrorLevel="0" Project="dbDashboard" Source="dbDashboard\frmDashSettings.resx" Description="File successfully backed up as C:\harpe\C#Solutions\dbDashboard_Digipoort\dbDashboard\Backup\dbDashboard\frmDashSettings.resx">
</Event><Event ErrorLevel="0" Project="dbDashboard" Source="dbDashboard\frmDashRelFunc.resx" Description="File successfully backed up as C:\harpe\C#Solutions\dbDashboard_Digipoort\dbDashboard\Backup\dbDashboard\frmDashRelFunc.resx">
</Event><Event ErrorLevel="0" Project="dbDashboard" Source="dbDashboard\frmDashRelMenu.resx" Description="File successfully backed up as C:\harpe\C#Solutions\dbDashboard_Digipoort\dbDashboard\Backup\dbDashboard\frmDashRelMenu.resx">
</Event><Event ErrorLevel="0" Project="dbDashboard" Source="dbDashboard\frmDashlogin.resx" Description="File successfully backed up as C:\harpe\C#Solutions\dbDashboard_Digipoort\dbDashboard\Backup\dbDashboard\frmDashlogin.resx">
</Event><Event ErrorLevel="0" Project="dbDashboard" Source="dbDashboard\frmDashMaintD.resx" Description="File successfully backed up as C:\harpe\C#Solutions\dbDashboard_Digipoort\dbDashboard\Backup\dbDashboard\frmDashMaintD.resx">
</Event><Event ErrorLevel="0" Project="dbDashboard" Source="dbDashboard\frmDashMaintT.resx" Description="File successfully backed up as C:\harpe\C#Solutions\dbDashboard_Digipoort\dbDashboard\Backup\dbDashboard\frmDashMaintT.resx">
</Event><Event ErrorLevel="0" Project="dbDashboard" Source="dbDashboard\frmDashmenu.resx" Description="File successfully backed up as C:\harpe\C#Solutions\dbDashboard_Digipoort\dbDashboard\Backup\dbDashboard\frmDashmenu.resx">
</Event><Event ErrorLevel="0" Project="dbDashboard" Source="dbDashboard\mdiDashboard.resx" Description="File successfully backed up as C:\harpe\C#Solutions\dbDashboard_Digipoort\dbDashboard\Backup\dbDashboard\mdiDashboard.resx">
</Event><Event ErrorLevel="0" Project="dbDashboard" Source="dbDashboard\Properties\Resources.resx" Description="File successfully backed up as C:\harpe\C#Solutions\dbDashboard_Digipoort\dbDashboard\Backup\dbDashboard\Properties\Resources.resx">
</Event><Event ErrorLevel="0" Project="dbDashboard" Source="dbDashboard\dbDashboard.csproj" Description="Project converted successfully">
</Event><Event ErrorLevel="3" Project="dbDashboard" Source="dbDashboard\dbDashboard.csproj" Description="Converted">
</Event><Event ErrorLevel="0" Project="" Source="dbDashboard.sln" Description="Solution converted successfully">
</Event><Event ErrorLevel="3" Project="" Source="dbDashboard.sln" Description="Converted">
</Event><Event ErrorLevel="0" Project="dbDashboard" Source="dbDashboard\dbDashboard.csproj" Description="Scan complete: Upgrade not required for project files.">
</Event></UpgradeLog>