koppelvlak;verzender;aantal
Non-urgent hoog Aflevering;Aantal;
Non-urgent hoog Binnen de tijd;0;
Non-urgent hoog Buiten de tijd;0;
Non-urgent laag Aflevering;Aantal;
Non-urgent laag Binnen de tijd;0;
Non-urgent laag Buiten de tijd;0;
Normaal hoog Aflevering;Aantal;
Normaal hoog Binnen de tijd;3933926;
Normaal hoog Buiten de tijd;1861;
Normaal laag Aflevering;Aantal;
Normaal laag Binnen de tijd;3897399;
Normaal laag Buiten de tijd;38388;
Urgent hoog Aflevering;Aantal;
Urgent hoog Binnen de tijd;0;
Urgent hoog Buiten de tijd;0;
Urgent laag Aflevering;Aantal;
Urgent laag Binnen de tijd;0;
Urgent laag Buiten de tijd;0;
