koppelvlak;verzender;aantal
FTP;aacb3344@ftp.otpnet.nl;2
FTP;achm3099@ftp.otpnet.nl;18
FTP;adax3403@ftp.otpnet.nl;14
FTP;alem3411@ftp.otpnet.nl;2
FTP;alia3386@ftp.otpnet.nl;5
FTP;amro2412@ftp.otpnet.nl;34
FTP;anad2381@ftp.otpnet.nl;2
FTP;antb2366@ftp.otpnet.nl;9
FTP;argt2405@ftp.otpnet.nl;1
FTP;arts2373@ftp.otpnet.nl;2
FTP;ascm3149@ftp.otpnet.nl;2
FTP;asrv3247@ftp.otpnet.nl;4
FTP;atss2344@ftp.otpnet.nl;469
FTP;bana2585@ftp.otpnet.nl;1
FTP;bato3401@ftp.otpnet.nl;3
FTP;bdca1611@ftp.otpnet.nl;756
FTP;biba2341@ftp.otpnet.nl;142
FTP;bidb2360@ftp.otpnet.nl;4
FTP;blam3434@ftp.otpnet.nl;2
FTP;blro2374@ftp.otpnet.nl;2
FTP;bnpp3369@ftp.otpnet.nl;1
FTP;brnd1936@ftp.otpnet.nl;3
FTP;cate3400@ftp.otpnet.nl;2
FTP;cbam3268@ftp.otpnet.nl;6
FTP;cfse3396@ftp.otpnet.nl;11
FTP;ciot2658@ftp.otpnet.nl;10876
FTP;circ3382@ftp.otpnet.nl;18
FTP;citc3384@ftp.otpnet.nl;1
FTP;conf3198@ftp.otpnet.nl;9
FTP;creb2277@ftp.otpnet.nl;2
FTP;deut3408@ftp.otpnet.nl;8
FTP;dhbn1653@ftp.otpnet.nl;2
FTP;dnbb2279@ftp.otpnet.nl;1
FTP;dpkb2294@ftp.otpnet.nl;66792
FTP;econ2387@ftp.otpnet.nl;3
FTP;effe3417@ftp.otpnet.nl;8
FTP;estl1892@ftp.otpnet.nl;496
FTP;euro3430@ftp.otpnet.nl;44
FTP;fddk2309@ftp.otpnet.nl;408
FTP;fidi2644@ftp.otpnet.nl;2
FTP;fund3450@ftp.otpnet.nl;8
FTP;gara3304@ftp.otpnet.nl;7
FTP;goud3421@ftp.otpnet.nl;2
FTP;haba3127@ftp.otpnet.nl;5
FTP;hoor3315@ftp.otpnet.nl;7
FTP;icbc1650@ftp.otpnet.nl;1
FTP;inga3357@ftp.otpnet.nl;1
FTP;ingb2310@ftp.otpnet.nl;56
FTP;ints3367@ftp.otpnet.nl;1
FTP;isba3452@ftp.otpnet.nl;2
FTP;kasb2902@ftp.otpnet.nl;12
FTP;kcnv2176@ftp.otpnet.nl;3
FTP;klvb1891@ftp.otpnet.nl;1
FTP;knab2646@ftp.otpnet.nl;17
FTP;lans2314@ftp.otpnet.nl;34
FTP;leas2414@ftp.otpnet.nl;7
FTP;lood3414@ftp.otpnet.nl;3
FTP;loyd2327@ftp.otpnet.nl;11
FTP;marg3422@ftp.otpnet.nl;1
FTP;mega2673@ftp.otpnet.nl;3
FTP;moyo2343@ftp.otpnet.nl;3
FTP;nebu1909@ftp.otpnet.nl;197
FTP;nibc2350@ftp.otpnet.nl;3
FTP;nnnv2378@ftp.otpnet.nl;23
FTP;npxh3334@ftp.otpnet.nl;3
FTP;nvbb2399@ftp.otpnet.nl;2
FTP;onlm3440@ftp.otpnet.nl;1
FTP;onvz3511@ftp.otpnet.nl;1
FTP;opti2376@ftp.otpnet.nl;4
FTP;ovmv3366@ftp.otpnet.nl;2
FTP;ovmz3118@ftp.otpnet.nl;1
FTP;prop3397@ftp.otpnet.nl;2
FTP;quio2307@ftp.otpnet.nl;8
FTP;rabo2063@ftp.otpnet.nl;90
FTP;rest2633@ftp.otpnet.nl;10
FTP;rinis@ftp.otpnet.nl;1943
FTP;robb3248@ftp.otpnet.nl;2
FTP;rodi3130@ftp.otpnet.nl;3
FTP;role3473@ftp.otpnet.nl;3
FTP;rrsc3346@ftp.otpnet.nl;100
FTP;sanp3412@ftp.otpnet.nl;1
FTP;savg2361@ftp.otpnet.nl;3
FTP;snsb2317@ftp.otpnet.nl;37
FTP;stat2334@ftp.otpnet.nl;96
FTP;stba3351@ftp.otpnet.nl;3
FTP;tcsf3398@ftp.otpnet.nl;16
FTP;tgls1933@ftp.otpnet.nl;4
FTP;toto3350@ftp.otpnet.nl;7
FTP;tran1930@ftp.otpnet.nl;200
FTP;tren3431@ftp.otpnet.nl;1
FTP;ubsb3394@ftp.otpnet.nl;2
FTP;wijs3383@ftp.otpnet.nl;7
SMTP;cdiu.aangifte.prod@belastingdienst.nl;12176
SMTP;cli_prd_pd@portaal.bhf.agro.nl;49954
SMTP;cli_prd_rvv@portaal.bhf.agro.nl;17506
SMTP;ms-ssn@spocssn.nl;26751
SMTP;pbosagitta@pbonet.nl;194
SMTP;persmail@portaal.bhf.agro.nl;12732
Totaal;;2273458
X400;C=NL;A=400NET;P=BELASTINGDIENST;O=CENTRAAL;OU1=CINF;137013
X400;C=NL;A=400NET;P=BELASTINGDIENST;O=CENTRAAL;OU1=DBB;619945
X400;C=NL;A=400NET;P=BELASTINGDIENST;O=CENTRAAL;OU1=DMS;335349
X400;C=NL;A=400NET;P=BELASTINGDIENST;O=CENTRAAL;OU1=DMSC;16880
X400;C=NL;A=400NET;P=BELASTINGDIENST;O=CENTRAAL;OU1=DOUANE-UITV-PROD;12274
X400;C=NL;A=400NET;P=BELASTINGDIENST;O=CENTRAAL;OU1=DOUANE-UITV-PROD10;29825
X400;C=NL;A=400NET;P=BELASTINGDIENST;O=CENTRAAL;OU1=DOUANE-UITV-PROD11;144512
X400;C=NL;A=400NET;P=BELASTINGDIENST;O=CENTRAAL;OU1=DOUANE-UITV-PROD12;4797
X400;C=NL;A=400NET;P=BELASTINGDIENST;O=CENTRAAL;OU1=DOUANE-UITV-PROD2;50987
X400;C=NL;A=400NET;P=BELASTINGDIENST;O=CENTRAAL;OU1=DOUANE-UITV-PROD3;21115
X400;C=NL;A=400NET;P=BELASTINGDIENST;O=CENTRAAL;OU1=DOUANE-UITV-PROD4;1764
X400;C=NL;A=400NET;P=BELASTINGDIENST;O=CENTRAAL;OU1=DOUANE-UITV-PROD5;79486
X400;C=NL;A=400NET;P=BELASTINGDIENST;O=CENTRAAL;OU1=DOUANE-UITV-PROD7;86855
X400;C=NL;A=400NET;P=BELASTINGDIENST;O=CENTRAAL;OU1=DOUANE-UITV-PROD8;13795
X400;C=NL;A=400NET;P=BELASTINGDIENST;O=CENTRAAL;OU1=DOUANE-UITV-PROD9;6289
X400;C=NL;A=400NET;P=BELASTINGDIENST;O=CENTRAAL;OU1=EMCS;54302
X400;C=NL;A=400NET;P=BELASTINGDIENST;O=CENTRAAL;OU1=SHS;1717
X400;C=NL;A=400NET;P=BELASTINGDIENST;O=CENTRAAL;OU1=TRANSIT;454113
