koppelvlak;verzender;aantal
FTP;aacb3344@ftp.otpnet.nl;2
FTP;achm3099@ftp.otpnet.nl;24
FTP;acht2796@ftp.otpnet.nl;29
FTP;acne2899@ftp.otpnet.nl;54
FTP;adax3403@ftp.otpnet.nl;16
FTP;ahmo2909@ftp.otpnet.nl;29
FTP;alem3411@ftp.otpnet.nl;2
FTP;alia3386@ftp.otpnet.nl;5
FTP;alph2942@ftp.otpnet.nl;29
FTP;amro2412@ftp.otpnet.nl;39
FTP;anad2381@ftp.otpnet.nl;4
FTP;antb2366@ftp.otpnet.nl;9
FTP;argt2405@ftp.otpnet.nl;1
FTP;arts2373@ftp.otpnet.nl;6
FTP;ascm3149@ftp.otpnet.nl;2
FTP;aspi2772@ftp.otpnet.nl;145
FTP;asrv3247@ftp.otpnet.nl;8
FTP;atss2344@ftp.otpnet.nl;469
FTP;bato3401@ftp.otpnet.nl;3
FTP;bdca1611@ftp.otpnet.nl;847
FTP;belc2689@ftp.otpnet.nl;29
FTP;biba2341@ftp.otpnet.nl;144
FTP;bidb2360@ftp.otpnet.nl;10
FTP;bitb2703@ftp.otpnet.nl;87
FTP;blam3434@ftp.otpnet.nl;1
FTP;blro2374@ftp.otpnet.nl;2
FTP;bnpp3369@ftp.otpnet.nl;2
FTP;bree2790@ftp.otpnet.nl;58
FTP;brgm2743@ftp.otpnet.nl;29
FTP;brit2666@ftp.otpnet.nl;232
FTP;brnd1936@ftp.otpnet.nl;3
FTP;btnl3151@ftp.otpnet.nl;29
FTP;budg2738@ftp.otpnet.nl;29
FTP;caiw2737@ftp.otpnet.nl;145
FTP;camb2892@ftp.otpnet.nl;116
FTP;cate3400@ftp.otpnet.nl;27
FTP;cbam3268@ftp.otpnet.nl;8
FTP;cbiz2825@ftp.otpnet.nl;87
FTP;cbre2671@ftp.otpnet.nl;1
FTP;ccvh2900@ftp.otpnet.nl;87
FTP;cfse3396@ftp.otpnet.nl;186
FTP;circ3382@ftp.otpnet.nl;30
FTP;citc3384@ftp.otpnet.nl;15
FTP;clab2806@ftp.otpnet.nl;87
FTP;clmo2793@ftp.otpnet.nl;29
FTP;coin3049@ftp.otpnet.nl;58
FTP;colt2048@ftp.otpnet.nl;116
FTP;conf3198@ftp.otpnet.nl;13
FTP;conn2943@ftp.otpnet.nl;58
FTP;cosn2829@ftp.otpnet.nl;87
FTP;cost2054@ftp.otpnet.nl;86
FTP;creb2277@ftp.otpnet.nl;2
FTP;dawe2704@ftp.otpnet.nl;87
FTP;daxi2036@ftp.otpnet.nl;93
FTP;ddcp2690@ftp.otpnet.nl;58
FTP;ddsc2936@ftp.otpnet.nl;87
FTP;deco2705@ftp.otpnet.nl;58
FTP;deka2699@ftp.otpnet.nl;57
FTP;deut3408@ftp.otpnet.nl;12
FTP;dhbn1653@ftp.otpnet.nl;2
FTP;dong2944@ftp.otpnet.nl;29
FTP;dpkb2294@ftp.otpnet.nl;66792
FTP;dsda2728@ftp.otpnet.nl;145
FTP;easy2773@ftp.otpnet.nl;116
FTP;easy3065@ftp.otpnet.nl;116
FTP;econ2387@ftp.otpnet.nl;3
FTP;edpn3052@ftp.otpnet.nl;580
FTP;edut2748@ftp.otpnet.nl;12
FTP;effe3417@ftp.otpnet.nl;9
FTP;eman2927@ftp.otpnet.nl;58
FTP;eque2712@ftp.otpnet.nl;29
FTP;espr2945@ftp.otpnet.nl;29
FTP;estl1892@ftp.otpnet.nl;496
FTP;euph2823@ftp.otpnet.nl;29
FTP;euro3430@ftp.otpnet.nl;44
FTP;fddk2309@ftp.otpnet.nl;408
FTP;fibe2826@ftp.otpnet.nl;58
FTP;fidi2644@ftp.otpnet.nl;2
FTP;free2901@ftp.otpnet.nl;29
FTP;fund3450@ftp.otpnet.nl;12
FTP;gala2795@ftp.otpnet.nl;29
FTP;gara3304@ftp.otpnet.nl;15
FTP;glob2735@ftp.otpnet.nl;30
FTP;gnte2745@ftp.otpnet.nl;58
FTP;goud3421@ftp.otpnet.nl;2
FTP;haba3127@ftp.otpnet.nl;5
FTP;hilt2801@ftp.otpnet.nl;52
FTP;hoor3315@ftp.otpnet.nl;11
FTP;i4ip2926@ftp.otpnet.nl;58
FTP;icbc1650@ftp.otpnet.nl;2
FTP;ictc2777@ftp.otpnet.nl;116
FTP;imsn2792@ftp.otpnet.nl;58
FTP;inaf2830@ftp.otpnet.nl;145
FTP;info2694@ftp.otpnet.nl;116
FTP;inga3357@ftp.otpnet.nl;1
FTP;ingb2310@ftp.otpnet.nl;57
FTP;inin2910@ftp.otpnet.nl;90
FTP;inov2930@ftp.otpnet.nl;56
FTP;inpe2781@ftp.otpnet.nl;145
FTP;inte2919@ftp.otpnet.nl;29
FTP;inte3033@ftp.otpnet.nl;145
FTP;intm2787@ftp.otpnet.nl;87
FTP;into2769@ftp.otpnet.nl;174
FTP;ints2037@ftp.otpnet.nl;145
FTP;ints3367@ftp.otpnet.nl;3
FTP;ipsp2803@ftp.otpnet.nl;29
FTP;ipvi2805@ftp.otpnet.nl;58
FTP;isba3452@ftp.otpnet.nl;5
FTP;isgp2715@ftp.otpnet.nl;87
FTP;jdni2709@ftp.otpnet.nl;29
FTP;kabe2733@ftp.otpnet.nl;148
FTP;kahu2961@ftp.otpnet.nl;29
FTP;kasb2902@ftp.otpnet.nl;5
FTP;kate2906@ftp.otpnet.nl;116
FTP;kcnv2176@ftp.otpnet.nl;3
FTP;klvb1891@ftp.otpnet.nl;2
FTP;knab2646@ftp.otpnet.nl;19
FTP;kvks2697@ftp.otpnet.nl;58
FTP;lans2314@ftp.otpnet.nl;48
FTP;leas2414@ftp.otpnet.nl;7
FTP;leba2905@ftp.otpnet.nl;29
FTP;lijn2791@ftp.otpnet.nl;75
FTP;lood3414@ftp.otpnet.nl;3
FTP;loyd2327@ftp.otpnet.nl;23
FTP;luna2898@ftp.otpnet.nl;87
FTP;lyne3069@ftp.otpnet.nl;26
FTP;mega2673@ftp.otpnet.nl;5
FTP;moto2912@ftp.otpnet.nl;29
FTP;moyo2343@ftp.otpnet.nl;1
FTP;mumo3124@ftp.otpnet.nl;29
FTP;ndzo2692@ftp.otpnet.nl;87
FTP;nebu1909@ftp.otpnet.nl;200
FTP;neta2702@ftp.otpnet.nl;496
FTP;next2698@ftp.otpnet.nl;29
FTP;nnnv2378@ftp.otpnet.nl;23
FTP;npxh3334@ftp.otpnet.nl;12
FTP;nsys2741@ftp.otpnet.nl;29
FTP;nvbb2399@ftp.otpnet.nl;2
FTP;onex2780@ftp.otpnet.nl;29
FTP;onlm3440@ftp.otpnet.nl;2
FTP;onvz3511@ftp.otpnet.nl;1
FTP;opti2376@ftp.otpnet.nl;4
FTP;ovmv3366@ftp.otpnet.nl;2
FTP;ovmz3118@ftp.otpnet.nl;2
FTP;palo2903@ftp.otpnet.nl;58
FTP;pape2687@ftp.otpnet.nl;30
FTP;pcos2802@ftp.otpnet.nl;87
FTP;peis2722@ftp.otpnet.nl;29
FTP;pene2923@ftp.otpnet.nl;116
FTP;plex2708@ftp.otpnet.nl;87
FTP;pret2747@ftp.otpnet.nl;87
FTP;prev2904@ftp.otpnet.nl;145
FTP;prop3397@ftp.otpnet.nl;2
FTP;qfst2911@ftp.otpnet.nl;58
FTP;rabo2063@ftp.otpnet.nl;21
FTP;radk2693@ftp.otpnet.nl;29
FTP;rapi2726@ftp.otpnet.nl;104
FTP;rdwk2774@ftp.otpnet.nl;29
FTP;reas2736@ftp.otpnet.nl;87
FTP;repu2832@ftp.otpnet.nl;29
FTP;rest2633@ftp.otpnet.nl;10
FTP;rinis@ftp.otpnet.nl;1914
FTP;robb3248@ftp.otpnet.nl;8
FTP;rodi3130@ftp.otpnet.nl;3
FTP;role3473@ftp.otpnet.nl;3
FTP;rout2819@ftp.otpnet.nl;145
FTP;rrsc3346@ftp.otpnet.nl;100
FTP;sanp3412@ftp.otpnet.nl;4
FTP;savg2361@ftp.otpnet.nl;4
FTP;saxs3037@ftp.otpnet.nl;87
FTP;scar2928@ftp.otpnet.nl;116
FTP;scot2604@ftp.otpnet.nl;7
FTP;sctm2752@ftp.otpnet.nl;58
FTP;sign2827@ftp.otpnet.nl;160
FTP;sipp2808@ftp.otpnet.nl;29
FTP;sipt2744@ftp.otpnet.nl;29
FTP;skyb2700@ftp.otpnet.nl;31
FTP;snsb2317@ftp.otpnet.nl;37
FTP;snsr2318@ftp.otpnet.nl;1
FTP;soid2763@ftp.otpnet.nl;145
FTP;soli2764@ftp.otpnet.nl;87
FTP;spup2765@ftp.otpnet.nl;29
FTP;stat2334@ftp.otpnet.nl;96
FTP;stba3351@ftp.otpnet.nl;6
FTP;supe2758@ftp.otpnet.nl;56
FTP;swit2815@ftp.otpnet.nl;29
FTP;syst2729@ftp.otpnet.nl;29
FTP;tcsf3398@ftp.otpnet.nl;33
FTP;tela2732@ftp.otpnet.nl;232
FTP;telc2730@ftp.otpnet.nl;172
FTP;tele2756@ftp.otpnet.nl;116
FTP;tgls1933@ftp.otpnet.nl;6
FTP;tmob2725@ftp.otpnet.nl;198
FTP;toto3350@ftp.otpnet.nl;10
FTP;tran1930@ftp.otpnet.nl;200
FTP;tren2760@ftp.otpnet.nl;60
FTP;tren3431@ftp.otpnet.nl;1
FTP;trnd2707@ftp.otpnet.nl;116
FTP;twsn3045@ftp.otpnet.nl;58
FTP;ubsb3394@ftp.otpnet.nl;2
FTP;unet2891@ftp.otpnet.nl;145
FTP;unil2746@ftp.otpnet.nl;58
FTP;upcn2771@ftp.otpnet.nl;138
FTP;veri3042@ftp.otpnet.nl;58
FTP;vlza2828@ftp.otpnet.nl;87
FTP;voda2711@ftp.otpnet.nl;58
FTP;voda2907@ftp.otpnet.nl;26
FTP;voes2908@ftp.otpnet.nl;29
FTP;voic2055@ftp.otpnet.nl;58
FTP;voip2759@ftp.otpnet.nl;29
FTP;voiz2716@ftp.otpnet.nl;29
FTP;vono2804@ftp.otpnet.nl;29
FTP;voor2935@ftp.otpnet.nl;116
FTP;wfws2913@ftp.otpnet.nl;29
FTP;wijs3383@ftp.otpnet.nl;8
FTP;wini2714@ftp.otpnet.nl;32
FTP;xeno2929@ftp.otpnet.nl;87
FTP;xent2778@ftp.otpnet.nl;58
FTP;youf3039@ftp.otpnet.nl;30
FTP;zeel2782@ftp.otpnet.nl;174
FTP;zigg2940@ftp.otpnet.nl;174
FTP;zoco2706@ftp.otpnet.nl;87
SMTP;cdiu.aangifte.prod@belastingdienst.nl;6076
SMTP;cli_prd_pd@portaal.bhf.agro.nl;100432
SMTP;cli_prd_rvv@portaal.bhf.agro.nl;36984
SMTP;persmail@portaal.bhf.agro.nl;12635
Totaal;;4187087
X400;C=NL;A=400NET;P=BELASTINGDIENST;O=CENTRAAL;OU1=CINF;134211
X400;C=NL;A=400NET;P=BELASTINGDIENST;O=CENTRAAL;OU1=DBB;1159429
X400;C=NL;A=400NET;P=BELASTINGDIENST;O=CENTRAAL;OU1=DMS;997365
X400;C=NL;A=400NET;P=BELASTINGDIENST;O=CENTRAAL;OU1=DMSC;16886
X400;C=NL;A=400NET;P=BELASTINGDIENST;O=CENTRAAL;OU1=DOUANE-UITV-PROD;482701
X400;C=NL;A=400NET;P=BELASTINGDIENST;O=CENTRAAL;OU1=DOUANE-UITV-PROD10;56
X400;C=NL;A=400NET;P=BELASTINGDIENST;O=CENTRAAL;OU1=DOUANE-UITV-PROD11;76
X400;C=NL;A=400NET;P=BELASTINGDIENST;O=CENTRAAL;OU1=DOUANE-UITV-PROD12;1
X400;C=NL;A=400NET;P=BELASTINGDIENST;O=CENTRAAL;OU1=DOUANE-UITV-PROD2;411
X400;C=NL;A=400NET;P=BELASTINGDIENST;O=CENTRAAL;OU1=DOUANE-UITV-PROD3;56
X400;C=NL;A=400NET;P=BELASTINGDIENST;O=CENTRAAL;OU1=DOUANE-UITV-PROD4;2
X400;C=NL;A=400NET;P=BELASTINGDIENST;O=CENTRAAL;OU1=DOUANE-UITV-PROD5;225
X400;C=NL;A=400NET;P=BELASTINGDIENST;O=CENTRAAL;OU1=DOUANE-UITV-PROD7;347
X400;C=NL;A=400NET;P=BELASTINGDIENST;O=CENTRAAL;OU1=DOUANE-UITV-PROD8;6176
X400;C=NL;A=400NET;P=BELASTINGDIENST;O=CENTRAAL;OU1=DOUANE-UITV-PROD9;3
X400;C=NL;A=400NET;P=BELASTINGDIENST;O=CENTRAAL;OU1=EMCS;103569
X400;C=NL;A=400NET;P=BELASTINGDIENST;O=CENTRAAL;OU1=SHS;1726
X400;C=NL;A=400NET;P=BELASTINGDIENST;O=CENTRAAL;OU1=TRANSIT;1044193
